<?xml version="1.0" encoding="UTF-8"?>
<export version="E">
  <design>
    <source>/home/hwan/2023-work/winners/작업물/v3/pcb_v3/pcb.kicad_sch</source>
    <date>2023년 04월 03일 (월) 오전 04시 41분 07초</date>
    <tool>Eeschema 7.0.1-3b83917a11~171~ubuntu20.04.1</tool>
    <sheet number="1" name="/" tstamps="/">
      <title_block>
        <title>RS-232, Ethernet Data Encryption Terminal</title>
        <company>Robotus</company>
        <rev>0.1</rev>
        <date>2023-03-15</date>
        <source>pcb.kicad_sch</source>
        <comment number="1" value="H.H. Shin"/>
        <comment number="2" value=""/>
        <comment number="3" value=""/>
        <comment number="4" value=""/>
        <comment number="5" value=""/>
        <comment number="6" value=""/>
        <comment number="7" value=""/>
        <comment number="8" value=""/>
        <comment number="9" value=""/>
      </title_block>
    </sheet>
  </design>
  <components>
    <comp ref="C1">
      <value>10uF 50V</value>
      <footprint>Capacitor_SMD:C_1210_3225Metric</footprint>
      <fields>
        <field name="LCSC">C576234</field>
      </fields>
      <libsource lib="Device" part="C" description="Unpolarized capacitor"/>
      <property name="Manufacturer" value=""/>
      <property name="Manufacturer PN" value=""/>
      <property name="LCSC" value="C576234"/>
      <property name="Field7" value=""/>
      <property name="Sheetname" value=""/>
      <property name="Sheetfile" value="pcb.kicad_sch"/>
      <property name="ki_description" value="Unpolarized capacitor"/>
      <property name="ki_keywords" value="cap capacitor"/>
      <sheetpath names="/" tstamps="/"/>
      <tstamps>f6256e10-3263-44c2-9b11-54d6338de043</tstamps>
    </comp>
    <comp ref="C2">
      <value>0.1uF</value>
      <footprint>Capacitor_SMD:C_0805_2012Metric</footprint>
      <fields>
        <field name="LCSC">C49678</field>
      </fields>
      <libsource lib="Device" part="C" description="Unpolarized capacitor"/>
      <property name="Manufacturer" value=""/>
      <property name="Manufacturer PN" value=""/>
      <property name="LCSC" value="C49678"/>
      <property name="Field7" value=""/>
      <property name="Sheetname" value=""/>
      <property name="Sheetfile" value="pcb.kicad_sch"/>
      <property name="ki_description" value="Unpolarized capacitor"/>
      <property name="ki_keywords" value="cap capacitor"/>
      <sheetpath names="/" tstamps="/"/>
      <tstamps>7d4010b9-c742-449d-9a1d-0f1f47f0f857</tstamps>
    </comp>
    <comp ref="C3">
      <value>220pF</value>
      <footprint>Capacitor_SMD:C_0805_2012Metric</footprint>
      <fields>
        <field name="LCSC">C107145</field>
      </fields>
      <libsource lib="Device" part="C" description="Unpolarized capacitor"/>
      <property name="Manufacturer" value=""/>
      <property name="Manufacturer PN" value=""/>
      <property name="LCSC" value="C107145"/>
      <property name="Field7" value=""/>
      <property name="Sheetname" value=""/>
      <property name="Sheetfile" value="pcb.kicad_sch"/>
      <property name="ki_description" value="Unpolarized capacitor"/>
      <property name="ki_keywords" value="cap capacitor"/>
      <sheetpath names="/" tstamps="/"/>
      <tstamps>f496d94d-5b89-4eef-8fcc-d36c5ea174d3</tstamps>
    </comp>
    <comp ref="C4">
      <value>22uF</value>
      <footprint>Capacitor_SMD:C_1210_3225Metric</footprint>
      <fields>
        <field name="LCSC">C309062</field>
      </fields>
      <libsource lib="Device" part="C" description="Unpolarized capacitor"/>
      <property name="Manufacturer" value=""/>
      <property name="Manufacturer PN" value=""/>
      <property name="LCSC" value="C309062"/>
      <property name="Sheetname" value=""/>
      <property name="Sheetfile" value="pcb.kicad_sch"/>
      <property name="ki_description" value="Unpolarized capacitor"/>
      <property name="ki_keywords" value="cap capacitor"/>
      <sheetpath names="/" tstamps="/"/>
      <tstamps>8eaf4681-ade5-4ebe-86bd-795c65d3f11d</tstamps>
    </comp>
    <comp ref="C5">
      <value>100nF</value>
      <footprint>Capacitor_SMD:C_0603_1608Metric</footprint>
      <fields>
        <field name="LCSC">C14663</field>
      </fields>
      <libsource lib="Device" part="C_Polarized" description="Polarized capacitor"/>
      <property name="Manufacturer" value=""/>
      <property name="Manufacturer PN" value=""/>
      <property name="LCSC" value="C14663"/>
      <property name="Sheetname" value=""/>
      <property name="Sheetfile" value="pcb.kicad_sch"/>
      <property name="ki_description" value="Polarized capacitor"/>
      <property name="ki_keywords" value="cap capacitor"/>
      <sheetpath names="/" tstamps="/"/>
      <tstamps>22b44d4e-52ef-4a55-a054-41617047cd75</tstamps>
    </comp>
    <comp ref="C6">
      <value>100nF</value>
      <footprint>Capacitor_SMD:C_0603_1608Metric</footprint>
      <fields>
        <field name="LCSC">C14663</field>
      </fields>
      <libsource lib="Device" part="C_Polarized" description="Polarized capacitor"/>
      <property name="Manufacturer" value=""/>
      <property name="Manufacturer PN" value=""/>
      <property name="LCSC" value="C14663"/>
      <property name="Sheetname" value=""/>
      <property name="Sheetfile" value="pcb.kicad_sch"/>
      <property name="ki_description" value="Polarized capacitor"/>
      <property name="ki_keywords" value="cap capacitor"/>
      <sheetpath names="/" tstamps="/"/>
      <tstamps>cc6c49b4-91bd-4ac1-b46c-bd5db5e36b55</tstamps>
    </comp>
    <comp ref="C7">
      <value>100nF</value>
      <footprint>Capacitor_SMD:C_0603_1608Metric</footprint>
      <fields>
        <field name="LCSC">C14663</field>
      </fields>
      <libsource lib="Device" part="C_Polarized" description="Polarized capacitor"/>
      <property name="Manufacturer" value=""/>
      <property name="Manufacturer PN" value=""/>
      <property name="LCSC" value="C14663"/>
      <property name="Sheetname" value=""/>
      <property name="Sheetfile" value="pcb.kicad_sch"/>
      <property name="ki_description" value="Polarized capacitor"/>
      <property name="ki_keywords" value="cap capacitor"/>
      <sheetpath names="/" tstamps="/"/>
      <tstamps>f46119ed-762e-41b9-a5ed-3360a494dc91</tstamps>
    </comp>
    <comp ref="C8">
      <value>100nF</value>
      <footprint>Capacitor_SMD:C_0603_1608Metric</footprint>
      <fields>
        <field name="LCSC">C14663</field>
      </fields>
      <libsource lib="Device" part="C_Polarized" description="Polarized capacitor"/>
      <property name="Manufacturer" value=""/>
      <property name="Manufacturer PN" value=""/>
      <property name="LCSC" value="C14663"/>
      <property name="Sheetname" value=""/>
      <property name="Sheetfile" value="pcb.kicad_sch"/>
      <property name="ki_description" value="Polarized capacitor"/>
      <property name="ki_keywords" value="cap capacitor"/>
      <sheetpath names="/" tstamps="/"/>
      <tstamps>02ad8332-f281-4bec-9708-5c12e5f3639f</tstamps>
    </comp>
    <comp ref="C9">
      <value>10nF</value>
      <footprint>Capacitor_SMD:C_0603_1608Metric</footprint>
      <fields>
        <field name="LCSC">C57112</field>
      </fields>
      <libsource lib="Device" part="C" description="Unpolarized capacitor"/>
      <property name="Manufacturer" value=""/>
      <property name="Manufacturer PN" value=""/>
      <property name="LCSC" value="C57112"/>
      <property name="Sheetname" value=""/>
      <property name="Sheetfile" value="pcb.kicad_sch"/>
      <property name="ki_description" value="Unpolarized capacitor"/>
      <property name="ki_keywords" value="cap capacitor"/>
      <sheetpath names="/" tstamps="/"/>
      <tstamps>2a10fca7-c3fa-47f8-b8fa-8e8d75f444e8</tstamps>
    </comp>
    <comp ref="D1">
      <value>SS34</value>
      <footprint>0.winners:DIOM7959X265N_SS34</footprint>
      <datasheet>https://www.farnell.com/datasheets/2303855.pdf</datasheet>
      <fields>
        <field name="LCSC">C8678</field>
        <field name="MANUFACTURER">On Semiconductor</field>
        <field name="MAXIMUM_PACKAGE_HEIGHT">2.65mm</field>
        <field name="PARTREV">31 Aug 2016</field>
        <field name="SNAPEDA_PACKAGE_ID">36301</field>
        <field name="STANDARD">IPC-7351B</field>
      </fields>
      <libsource lib="ss34" part="SS34" description="Schottky rectifier diode"/>
      <property name="MANUFACTURER" value="On Semiconductor"/>
      <property name="PARTREV" value="31 Aug 2016"/>
      <property name="MAXIMUM_PACKAGE_HEIGHT" value="2.65mm"/>
      <property name="STANDARD" value="IPC-7351B"/>
      <property name="SNAPEDA_PACKAGE_ID" value="36301"/>
      <property name="Manufacturer" value=""/>
      <property name="Manufacturer PN" value=""/>
      <property name="LCSC" value="C8678"/>
      <property name="Field12" value=""/>
      <property name="Sheetname" value=""/>
      <property name="Sheetfile" value="pcb.kicad_sch"/>
      <property name="ki_description" value="Schottky rectifier diode"/>
      <sheetpath names="/" tstamps="/"/>
      <tstamps>24042331-4a59-4329-abc6-997e3588c355</tstamps>
    </comp>
    <comp ref="J1">
      <value>Barrel_Jack_MountingPin</value>
      <footprint>Connector_BarrelJack:BarrelJack_GCT_DCJ200-10-A_Horizontal</footprint>
      <libsource lib="Connector" part="Barrel_Jack_MountingPin" description="DC Barrel Jack with a mounting pin"/>
      <property name="Manufacturer" value=""/>
      <property name="Manufacturer PN" value=""/>
      <property name="Sheetname" value=""/>
      <property name="Sheetfile" value="pcb.kicad_sch"/>
      <property name="ki_description" value="DC Barrel Jack with a mounting pin"/>
      <property name="ki_keywords" value="DC power barrel jack connector"/>
      <sheetpath names="/" tstamps="/"/>
      <tstamps>82bd417e-72d5-44a8-a58d-cdeb1d2244c7</tstamps>
    </comp>
    <comp ref="J3">
      <value>Conn_01x02</value>
      <footprint>Connector_Molex:Molex_SPOX_5267-02A_1x02_P2.50mm_Vertical</footprint>
      <libsource lib="Connector_Generic" part="Conn_01x02" description="Generic connector, single row, 01x02, script generated (kicad-library-utils/schlib/autogen/connector/)"/>
      <property name="Manufacturer" value=""/>
      <property name="Manufacturer PN" value=""/>
      <property name="Sheetname" value=""/>
      <property name="Sheetfile" value="pcb.kicad_sch"/>
      <property name="ki_description" value="Generic connector, single row, 01x02, script generated (kicad-library-utils/schlib/autogen/connector/)"/>
      <property name="ki_keywords" value="connector"/>
      <sheetpath names="/" tstamps="/"/>
      <tstamps>7ae6e1b8-ffb5-4e10-bcbb-30fffb2d7d73</tstamps>
    </comp>
    <comp ref="J4">
      <value>RS232</value>
      <footprint>Connector_Dsub:DSUB-9_Male_Horizontal_P2.77x2.84mm_EdgePinOffset7.70mm_Housed_MountingHolesOffset9.12mm</footprint>
      <datasheet> ~</datasheet>
      <fields>
        <field name="LCSC">C141880</field>
      </fields>
      <libsource lib="Connector" part="DE9_Receptacle_MountingHoles" description="9-pin female receptacle socket D-SUB connector, Mounting Hole"/>
      <property name="LCSC" value="C141880"/>
      <property name="Manufacturer" value=""/>
      <property name="Manufacturer PN" value=""/>
      <property name="Sheetname" value=""/>
      <property name="Sheetfile" value="pcb.kicad_sch"/>
      <property name="ki_description" value="9-pin female receptacle socket D-SUB connector, Mounting Hole"/>
      <property name="ki_keywords" value="connector receptacle female D-SUB DB9"/>
      <sheetpath names="/" tstamps="/"/>
      <tstamps>2e4d5780-bcd2-4599-aacc-87b6967df87d</tstamps>
    </comp>
    <comp ref="J5">
      <value>Conn_01x02</value>
      <footprint>Connector_Molex:Molex_SPOX_5267-02A_1x02_P2.50mm_Vertical</footprint>
      <libsource lib="Connector_Generic" part="Conn_01x02" description="Generic connector, single row, 01x02, script generated (kicad-library-utils/schlib/autogen/connector/)"/>
      <property name="Manufacturer" value=""/>
      <property name="Manufacturer PN" value=""/>
      <property name="Sheetname" value=""/>
      <property name="Sheetfile" value="pcb.kicad_sch"/>
      <property name="ki_description" value="Generic connector, single row, 01x02, script generated (kicad-library-utils/schlib/autogen/connector/)"/>
      <property name="ki_keywords" value="connector"/>
      <sheetpath names="/" tstamps="/"/>
      <tstamps>2e05f799-adb7-4f2e-9731-61281fc67dbd</tstamps>
    </comp>
    <comp ref="J6">
      <value>Conn_01x02</value>
      <footprint>Connector_Molex:Molex_SPOX_5267-02A_1x02_P2.50mm_Vertical</footprint>
      <libsource lib="Connector_Generic" part="Conn_01x02" description="Generic connector, single row, 01x02, script generated (kicad-library-utils/schlib/autogen/connector/)"/>
      <property name="Manufacturer" value=""/>
      <property name="Manufacturer PN" value=""/>
      <property name="Sheetname" value=""/>
      <property name="Sheetfile" value="pcb.kicad_sch"/>
      <property name="ki_description" value="Generic connector, single row, 01x02, script generated (kicad-library-utils/schlib/autogen/connector/)"/>
      <property name="ki_keywords" value="connector"/>
      <sheetpath names="/" tstamps="/"/>
      <tstamps>115b9905-6946-4411-89ad-881bd0ed8d94</tstamps>
    </comp>
    <comp ref="L1">
      <value>4.7uH</value>
      <footprint>0.winners:INDP7368X320_Inductor</footprint>
      <datasheet>https://pdf1.alldatasheet.com/datasheet-pdf/view/532782/TDK/RLF7030T-4R7M3R4.html</datasheet>
      <fields>
        <field name="Manufacturer">TDK</field>
        <field name="Name">RLF7030T-4R7M3R4</field>
      </fields>
      <libsource lib="rlf7030t-4r7m3r4" part="RLF7030T-4R7M3R4" description=""/>
      <property name="Name" value="RLF7030T-4R7M3R4"/>
      <property name="Manufacturer" value="TDK"/>
      <property name="Manufacturer PN" value=""/>
      <property name="Sheetname" value=""/>
      <property name="Sheetfile" value="pcb.kicad_sch"/>
      <sheetpath names="/" tstamps="/"/>
      <tstamps>b52220e5-3816-41a2-a1f4-3395f055a387</tstamps>
    </comp>
    <comp ref="Q1">
      <value>DMG2305UX-7</value>
      <footprint>SOT91P240X110-3N_DMG2305UX-7</footprint>
      <fields>
        <field name="LCSC">C150470</field>
        <field name="MANUFACTURER">Diodes Inc.</field>
        <field name="MAXIMUM_PACKAGE_HEIGHT">1.1mm</field>
        <field name="PARTREV">09/2018</field>
        <field name="STANDARD">IPC-7351B</field>
      </fields>
      <libsource lib="" part="DMG2305UX-7_1" description=""/>
      <property name="STANDARD" value="IPC-7351B"/>
      <property name="MANUFACTURER" value="Diodes Inc."/>
      <property name="PARTREV" value="09/2018"/>
      <property name="MAXIMUM_PACKAGE_HEIGHT" value="1.1mm"/>
      <property name="Manufacturer" value=""/>
      <property name="Manufacturer PN" value=""/>
      <property name="LCSC" value="C150470"/>
      <property name="Sheetname" value=""/>
      <property name="Sheetfile" value="pcb.kicad_sch"/>
      <sheetpath names="/" tstamps="/"/>
      <tstamps>c2ad6322-85f2-4d9b-a283-28911842308b</tstamps>
    </comp>
    <comp ref="Q2">
      <value>DMG2305UX-7</value>
      <footprint>SOT91P240X110-3N_DMG2305UX-7</footprint>
      <fields>
        <field name="LCSC">C150470</field>
        <field name="MANUFACTURER">Diodes Inc.</field>
        <field name="MAXIMUM_PACKAGE_HEIGHT">1.1mm</field>
        <field name="PARTREV">09/2018</field>
        <field name="STANDARD">IPC-7351B</field>
      </fields>
      <libsource lib="dmg2305-FET" part="DMG2305UX-7" description=""/>
      <property name="STANDARD" value="IPC-7351B"/>
      <property name="MANUFACTURER" value="Diodes Inc."/>
      <property name="PARTREV" value="09/2018"/>
      <property name="MAXIMUM_PACKAGE_HEIGHT" value="1.1mm"/>
      <property name="Manufacturer" value=""/>
      <property name="Manufacturer PN" value=""/>
      <property name="LCSC" value="C150470"/>
      <property name="Sheetname" value=""/>
      <property name="Sheetfile" value="pcb.kicad_sch"/>
      <sheetpath names="/" tstamps="/"/>
      <tstamps>d045033b-c3b7-45bb-80c1-641a6e12515f</tstamps>
    </comp>
    <comp ref="R1">
      <value>100K</value>
      <footprint>Resistor_SMD:R_0805_2012Metric</footprint>
      <fields>
        <field name="LCSC">C25271</field>
      </fields>
      <libsource lib="Device" part="R_US" description="Resistor, US symbol"/>
      <property name="Manufacturer" value=""/>
      <property name="Manufacturer PN" value=""/>
      <property name="LCSC" value="C25271"/>
      <property name="Sheetname" value=""/>
      <property name="Sheetfile" value="pcb.kicad_sch"/>
      <property name="ki_description" value="Resistor, US symbol"/>
      <property name="ki_keywords" value="R res resistor"/>
      <sheetpath names="/" tstamps="/"/>
      <tstamps>bad4a183-7a3f-48fb-a52a-fc9ecd5f4831</tstamps>
    </comp>
    <comp ref="R2">
      <value>24K9</value>
      <footprint>Resistor_SMD:R_0805_2012Metric</footprint>
      <fields>
        <field name="LCSC">C422846</field>
      </fields>
      <libsource lib="Device" part="R_US" description="Resistor, US symbol"/>
      <property name="Manufacturer" value=""/>
      <property name="Manufacturer PN" value=""/>
      <property name="LCSC" value="C422846"/>
      <property name="Sheetname" value=""/>
      <property name="Sheetfile" value="pcb.kicad_sch"/>
      <property name="ki_description" value="Resistor, US symbol"/>
      <property name="ki_keywords" value="R res resistor"/>
      <sheetpath names="/" tstamps="/"/>
      <tstamps>f117c3fd-ee72-4ab7-833d-a3ffb55841b7</tstamps>
    </comp>
    <comp ref="R3">
      <value>200K</value>
      <footprint>Resistor_SMD:R_0805_2012Metric</footprint>
      <fields>
        <field name="LCSC">C17539</field>
      </fields>
      <libsource lib="Device" part="R_US" description="Resistor, US symbol"/>
      <property name="Manufacturer" value=""/>
      <property name="Manufacturer PN" value=""/>
      <property name="LCSC" value="C17539"/>
      <property name="Sheetname" value=""/>
      <property name="Sheetfile" value="pcb.kicad_sch"/>
      <property name="ki_description" value="Resistor, US symbol"/>
      <property name="ki_keywords" value="R res resistor"/>
      <sheetpath names="/" tstamps="/"/>
      <tstamps>8cabceeb-64ad-4704-a4c0-d4e95b873b30</tstamps>
    </comp>
    <comp ref="R4">
      <value>68K</value>
      <footprint>Resistor_SMD:R_0805_2012Metric</footprint>
      <fields>
        <field name="LCSC">C17801</field>
      </fields>
      <libsource lib="Device" part="R_US" description="Resistor, US symbol"/>
      <property name="Manufacturer" value=""/>
      <property name="Manufacturer PN" value=""/>
      <property name="LCSC" value="C17801"/>
      <property name="Sheetname" value=""/>
      <property name="Sheetfile" value="pcb.kicad_sch"/>
      <property name="ki_description" value="Resistor, US symbol"/>
      <property name="ki_keywords" value="R res resistor"/>
      <sheetpath names="/" tstamps="/"/>
      <tstamps>f9e9f4b0-ddeb-48bc-b1fb-55a7c76a2809</tstamps>
    </comp>
    <comp ref="R5">
      <value>43K</value>
      <footprint>Resistor_SMD:R_0805_2012Metric</footprint>
      <fields>
        <field name="LCSC">C17695</field>
      </fields>
      <libsource lib="Device" part="R_US" description="Resistor, US symbol"/>
      <property name="Manufacturer" value=""/>
      <property name="Manufacturer PN" value=""/>
      <property name="LCSC" value="C17695"/>
      <property name="Sheetname" value=""/>
      <property name="Sheetfile" value="pcb.kicad_sch"/>
      <property name="ki_description" value="Resistor, US symbol"/>
      <property name="ki_keywords" value="R res resistor"/>
      <sheetpath names="/" tstamps="/"/>
      <tstamps>45bf310b-fd29-4a7d-85d4-f7e4dd272fe9</tstamps>
    </comp>
    <comp ref="R6">
      <value>8K2</value>
      <footprint>Resistor_SMD:R_0805_2012Metric</footprint>
      <fields>
        <field name="LCSC">C17828</field>
      </fields>
      <libsource lib="Device" part="R_US" description="Resistor, US symbol"/>
      <property name="Manufacturer" value=""/>
      <property name="Manufacturer PN" value=""/>
      <property name="LCSC" value="C17828"/>
      <property name="Sheetname" value=""/>
      <property name="Sheetfile" value="pcb.kicad_sch"/>
      <property name="ki_description" value="Resistor, US symbol"/>
      <property name="ki_keywords" value="R res resistor"/>
      <sheetpath names="/" tstamps="/"/>
      <tstamps>0e8ed548-6bcc-4709-842a-38803ca0a782</tstamps>
    </comp>
    <comp ref="R7">
      <value>2.2k</value>
      <footprint>Resistor_SMD:R_0603_1608Metric</footprint>
      <fields>
        <field name="LCSC">C4190</field>
        <field name="MPN">0603WAF2201T5E</field>
        <field name="Manufacturer">UNIOHM</field>
      </fields>
      <libsource lib="Device" part="R" description="Resistor"/>
      <property name="MPN" value="0603WAF2201T5E"/>
      <property name="Manufacturer" value="UNIOHM"/>
      <property name="Manufacturer PN" value=""/>
      <property name="LCSC" value="C4190"/>
      <property name="Sheetname" value=""/>
      <property name="Sheetfile" value="pcb.kicad_sch"/>
      <property name="ki_description" value="Resistor"/>
      <property name="ki_keywords" value="R res resistor"/>
      <sheetpath names="/" tstamps="/"/>
      <tstamps>e9b4d7f9-e613-4d32-ab9b-27c02cf8b416</tstamps>
    </comp>
    <comp ref="R8">
      <value>2.2k</value>
      <footprint>Resistor_SMD:R_0603_1608Metric</footprint>
      <fields>
        <field name="LCSC">C4190</field>
        <field name="MPN">0603WAF2201T5E</field>
        <field name="Manufacturer">UNIOHM</field>
      </fields>
      <libsource lib="Device" part="R" description="Resistor"/>
      <property name="MPN" value="0603WAF2201T5E"/>
      <property name="Manufacturer" value="UNIOHM"/>
      <property name="Manufacturer PN" value=""/>
      <property name="LCSC" value="C4190"/>
      <property name="Sheetname" value=""/>
      <property name="Sheetfile" value="pcb.kicad_sch"/>
      <property name="ki_description" value="Resistor"/>
      <property name="ki_keywords" value="R res resistor"/>
      <sheetpath names="/" tstamps="/"/>
      <tstamps>af91c430-bee8-43c8-86e6-7a25af639c9f</tstamps>
    </comp>
    <comp ref="R9">
      <value>1K</value>
      <footprint>Resistor_SMD:R_0603_1608Metric</footprint>
      <fields>
        <field name="LCSC">C21190</field>
      </fields>
      <libsource lib="Device" part="R_US" description="Resistor, US symbol"/>
      <property name="Manufacturer" value=""/>
      <property name="Manufacturer PN" value=""/>
      <property name="LCSC" value="C21190"/>
      <property name="Sheetname" value=""/>
      <property name="Sheetfile" value="pcb.kicad_sch"/>
      <property name="ki_description" value="Resistor, US symbol"/>
      <property name="ki_keywords" value="R res resistor"/>
      <sheetpath names="/" tstamps="/"/>
      <tstamps>a3c7ed78-3f43-4ff5-8914-1928b60fada6</tstamps>
    </comp>
    <comp ref="SW1">
      <value>SW_Push</value>
      <footprint>Button_Switch_THT:SW_SPST_Omron_B3F-315x_Angled</footprint>
      <libsource lib="Switch" part="SW_Push" description="Push button switch, generic, two pins"/>
      <property name="Manufacturer" value=""/>
      <property name="Manufacturer PN" value=""/>
      <property name="Sheetname" value=""/>
      <property name="Sheetfile" value="pcb.kicad_sch"/>
      <property name="ki_description" value="Push button switch, generic, two pins"/>
      <property name="ki_keywords" value="switch normally-open pushbutton push-button"/>
      <sheetpath names="/" tstamps="/"/>
      <tstamps>3d9d0745-4a7f-48f1-86a0-aff3d84cdaef</tstamps>
    </comp>
    <comp ref="U1">
      <value>MP1584EN</value>
      <footprint>0.winners:SOIC127P600X170-9N_MP1584EN</footprint>
      <datasheet>https://www.alldatasheet.com/datasheet-pdf/pdf/551593/MPS/MP1584EN.html</datasheet>
      <fields>
        <field name="AVAILABILITY">Unavailable</field>
        <field name="MF">Monolithic Power Systems</field>
        <field name="MP">MP1584EN</field>
        <field name="PACKAGE">None</field>
        <field name="PRICE">None</field>
        <field name="STANDARD">IPC-7351B</field>
      </fields>
      <libsource lib="mp1584en" part="MP1584EN" description=""/>
      <property name="MP" value="MP1584EN"/>
      <property name="MF" value="Monolithic Power Systems"/>
      <property name="AVAILABILITY" value="Unavailable"/>
      <property name="STANDARD" value="IPC-7351B"/>
      <property name="PRICE" value="None"/>
      <property name="DESCRIPTION" value=""/>
      <property name="PACKAGE" value="None"/>
      <property name="Manufacturer" value=""/>
      <property name="Manufacturer PN" value=""/>
      <property name="Sheetname" value=""/>
      <property name="Sheetfile" value="pcb.kicad_sch"/>
      <sheetpath names="/" tstamps="/"/>
      <tstamps>1f7e0327-e594-4ff4-810d-de4f70d795e9</tstamps>
    </comp>
    <comp ref="U2">
      <value>W5500-EVB-Pico</value>
      <footprint>0.winners:W5500-EVB-Pico_SMT_THT</footprint>
      <libsource lib="raspberrypi-pico-w" part="Pico-W" description=""/>
      <property name="Manufacturer" value=""/>
      <property name="Manufacturer PN" value=""/>
      <property name="Sheetname" value=""/>
      <property name="Sheetfile" value="pcb.kicad_sch"/>
      <sheetpath names="/" tstamps="/"/>
      <tstamps>e1a747bf-8dab-4a79-9ca0-b2cd5a3fcffe</tstamps>
    </comp>
    <comp ref="U3">
      <value>MAX3232</value>
      <footprint>Package_SO:SO-16_3.9x9.9mm_P1.27mm</footprint>
      <datasheet>https://datasheets.maximintegrated.com/en/ds/MAX3222-MAX3241.pdf</datasheet>
      <fields>
        <field name="LCSC">C354115</field>
      </fields>
      <libsource lib="Interface_UART" part="MAX3232" description="3.0V to 5.5V, Low-Power, up to 1Mbps, True RS-232 Transceivers Using Four 0.1μF External Capacitors"/>
      <property name="Manufacturer" value=""/>
      <property name="Manufacturer PN" value=""/>
      <property name="LCSC" value="C354115"/>
      <property name="Sheetname" value=""/>
      <property name="Sheetfile" value="pcb.kicad_sch"/>
      <property name="ki_description" value="3.0V to 5.5V, Low-Power, up to 1Mbps, True RS-232 Transceivers Using Four 0.1μF External Capacitors"/>
      <property name="ki_keywords" value="rs232 uart transceiver line-driver"/>
      <sheetpath names="/" tstamps="/"/>
      <tstamps>4a1da1d3-8e83-4676-b443-133b941372c6</tstamps>
    </comp>
    <comp ref="U4">
      <value>Pico-W</value>
      <footprint>0.winners:Raspberry_Pi_Pico_W_SMT_THT</footprint>
      <libsource lib="w5500-evb-pico" part="W5500-EVB-Pico" description=""/>
      <property name="Manufacturer" value=""/>
      <property name="Manufacturer PN" value=""/>
      <property name="Sheetname" value=""/>
      <property name="Sheetfile" value="pcb.kicad_sch"/>
      <sheetpath names="/" tstamps="/"/>
      <tstamps>b6b80c48-056c-4a51-b531-75003620b014</tstamps>
    </comp>
  </components>
  <libparts>
    <libpart lib="" part="DMG2305UX-7_1">
      <fields>
        <field name="Reference">Q</field>
        <field name="Value">DMG2305UX-7</field>
        <field name="Footprint">SOT91P240X110-3N_DMG2305UX-7</field>
        <field name="STANDARD">IPC-7351B</field>
        <field name="MANUFACTURER">Diodes Inc.</field>
        <field name="PARTREV">09/2018</field>
        <field name="MAXIMUM_PACKAGE_HEIGHT">1.1mm</field>
      </fields>
      <pins>
        <pin num="1" name="" type="passive"/>
        <pin num="2" name="" type="power_out"/>
        <pin num="3" name="" type="passive"/>
      </pins>
    </libpart>
    <libpart lib="Connector" part="Barrel_Jack_MountingPin">
      <description>DC Barrel Jack with a mounting pin</description>
      <docs>~</docs>
      <footprints>
        <fp>BarrelJack*</fp>
      </footprints>
      <fields>
        <field name="Reference">J</field>
        <field name="Value">Barrel_Jack_MountingPin</field>
        <field name="Datasheet">~</field>
      </fields>
      <pins>
        <pin num="1" name="" type="passive"/>
        <pin num="2" name="" type="passive"/>
        <pin num="MP" name="MountPin" type="passive"/>
      </pins>
    </libpart>
    <libpart lib="Connector" part="DE9_Receptacle_MountingHoles">
      <description>9-pin female receptacle socket D-SUB connector, Mounting Hole</description>
      <docs> ~</docs>
      <footprints>
        <fp>DSUB*Female*</fp>
      </footprints>
      <fields>
        <field name="Reference">J</field>
        <field name="Value">DE9_Receptacle_MountingHoles</field>
        <field name="Datasheet"> ~</field>
      </fields>
      <pins>
        <pin num="0" name="PAD" type="passive"/>
        <pin num="1" name="1" type="passive"/>
        <pin num="2" name="2" type="passive"/>
        <pin num="3" name="3" type="passive"/>
        <pin num="4" name="4" type="passive"/>
        <pin num="5" name="5" type="passive"/>
        <pin num="6" name="6" type="passive"/>
        <pin num="7" name="7" type="passive"/>
        <pin num="8" name="8" type="passive"/>
        <pin num="9" name="9" type="passive"/>
      </pins>
    </libpart>
    <libpart lib="Connector_Generic" part="Conn_01x02">
      <description>Generic connector, single row, 01x02, script generated (kicad-library-utils/schlib/autogen/connector/)</description>
      <docs>~</docs>
      <footprints>
        <fp>Connector*:*_1x??_*</fp>
      </footprints>
      <fields>
        <field name="Reference">J</field>
        <field name="Value">Conn_01x02</field>
        <field name="Datasheet">~</field>
      </fields>
      <pins>
        <pin num="1" name="Pin_1" type="passive"/>
        <pin num="2" name="Pin_2" type="passive"/>
      </pins>
    </libpart>
    <libpart lib="Device" part="C">
      <description>Unpolarized capacitor</description>
      <docs>~</docs>
      <footprints>
        <fp>C_*</fp>
      </footprints>
      <fields>
        <field name="Reference">C</field>
        <field name="Value">C</field>
        <field name="Datasheet">~</field>
      </fields>
      <pins>
        <pin num="1" name="" type="passive"/>
        <pin num="2" name="" type="passive"/>
      </pins>
    </libpart>
    <libpart lib="Device" part="C_Polarized">
      <description>Polarized capacitor</description>
      <docs>~</docs>
      <footprints>
        <fp>CP_*</fp>
      </footprints>
      <fields>
        <field name="Reference">C</field>
        <field name="Value">C_Polarized</field>
        <field name="Datasheet">~</field>
      </fields>
      <pins>
        <pin num="1" name="" type="passive"/>
        <pin num="2" name="" type="passive"/>
      </pins>
    </libpart>
    <libpart lib="Device" part="R">
      <description>Resistor</description>
      <docs>~</docs>
      <footprints>
        <fp>R_*</fp>
      </footprints>
      <fields>
        <field name="Reference">R</field>
        <field name="Value">R</field>
        <field name="Datasheet">~</field>
      </fields>
      <pins>
        <pin num="1" name="" type="passive"/>
        <pin num="2" name="" type="passive"/>
      </pins>
    </libpart>
    <libpart lib="Device" part="R_US">
      <description>Resistor, US symbol</description>
      <docs>~</docs>
      <footprints>
        <fp>R_*</fp>
      </footprints>
      <fields>
        <field name="Reference">R</field>
        <field name="Value">R_US</field>
        <field name="Datasheet">~</field>
      </fields>
      <pins>
        <pin num="1" name="" type="passive"/>
        <pin num="2" name="" type="passive"/>
      </pins>
    </libpart>
    <libpart lib="Interface_UART" part="MAX3232">
      <description>3.0V to 5.5V, Low-Power, up to 1Mbps, True RS-232 Transceivers Using Four 0.1μF External Capacitors</description>
      <docs>https://datasheets.maximintegrated.com/en/ds/MAX3222-MAX3241.pdf</docs>
      <footprints>
        <fp>SOIC*P1.27mm*</fp>
        <fp>DIP*W7.62mm*</fp>
        <fp>TSSOP*4.4x5mm*P0.65mm*</fp>
      </footprints>
      <fields>
        <field name="Reference">U</field>
        <field name="Value">MAX3232</field>
        <field name="Datasheet">https://datasheets.maximintegrated.com/en/ds/MAX3222-MAX3241.pdf</field>
      </fields>
      <pins>
        <pin num="1" name="C1+" type="passive"/>
        <pin num="2" name="VS+" type="power_out"/>
        <pin num="3" name="C1-" type="passive"/>
        <pin num="4" name="C2+" type="passive"/>
        <pin num="5" name="C2-" type="passive"/>
        <pin num="6" name="VS-" type="power_out"/>
        <pin num="7" name="T2OUT" type="output"/>
        <pin num="8" name="R2IN" type="input"/>
        <pin num="9" name="R2OUT" type="output"/>
        <pin num="10" name="T2IN" type="input"/>
        <pin num="11" name="T1IN" type="input"/>
        <pin num="12" name="R1OUT" type="output"/>
        <pin num="13" name="R1IN" type="input"/>
        <pin num="14" name="T1OUT" type="output"/>
        <pin num="15" name="GND" type="power_in"/>
        <pin num="16" name="VCC" type="power_in"/>
      </pins>
    </libpart>
    <libpart lib="Switch" part="SW_Push">
      <description>Push button switch, generic, two pins</description>
      <docs>~</docs>
      <fields>
        <field name="Reference">SW</field>
        <field name="Value">SW_Push</field>
        <field name="Datasheet">~</field>
      </fields>
      <pins>
        <pin num="1" name="1" type="passive"/>
        <pin num="2" name="2" type="passive"/>
      </pins>
    </libpart>
    <libpart lib="dmg2305-FET" part="DMG2305UX-7">
      <fields>
        <field name="Reference">Q</field>
        <field name="Value">DMG2305UX-7</field>
        <field name="Footprint">SOT91P240X110-3N_DMG2305UX-7</field>
        <field name="STANDARD">IPC-7351B</field>
        <field name="MANUFACTURER">Diodes Inc.</field>
        <field name="PARTREV">09/2018</field>
        <field name="MAXIMUM_PACKAGE_HEIGHT">1.1mm</field>
      </fields>
      <pins>
        <pin num="1" name="" type="passive"/>
        <pin num="2" name="" type="power_out"/>
        <pin num="3" name="" type="passive"/>
      </pins>
    </libpart>
    <libpart lib="mp1584en" part="MP1584EN">
      <docs>https://www.alldatasheet.com/datasheet-pdf/pdf/551593/MPS/MP1584EN.html</docs>
      <fields>
        <field name="Reference">U1</field>
        <field name="Value">MP1584EN</field>
        <field name="Footprint">0.winners:SOIC127P600X170-9N_MP1584EN</field>
        <field name="Datasheet">https://www.alldatasheet.com/datasheet-pdf/pdf/551593/MPS/MP1584EN.html</field>
        <field name="MF">Monolithic Power Systems</field>
        <field name="MP">MP1584EN</field>
        <field name="AVAILABILITY">Unavailable</field>
        <field name="STANDARD">IPC-7351B</field>
        <field name="PRICE">None</field>
        <field name="PACKAGE">None</field>
      </fields>
      <pins>
        <pin num="1" name="SW" type="output"/>
        <pin num="2" name="EN" type="input"/>
        <pin num="3" name="COMP" type="output"/>
        <pin num="4" name="FB" type="input"/>
        <pin num="5" name="GND" type="power_in"/>
        <pin num="6" name="FREQ" type="input"/>
        <pin num="7" name="VIN" type="input"/>
        <pin num="8" name="BST" type="passive"/>
      </pins>
    </libpart>
    <libpart lib="raspberrypi-pico-w" part="Pico-W">
      <fields>
        <field name="Reference">U1</field>
        <field name="Value">Pico-W</field>
        <field name="Footprint">MCU_RaspberryPi_and_Boards:RPi_Pico_SMD_TH</field>
      </fields>
      <pins>
        <pin num="1" name="GPIO0" type="bidirectional"/>
        <pin num="2" name="GPIO1" type="bidirectional"/>
        <pin num="3" name="GND_1" type="power_in"/>
        <pin num="4" name="GPIO2" type="bidirectional"/>
        <pin num="5" name="GPIO3" type="bidirectional"/>
        <pin num="6" name="GPIO4" type="bidirectional"/>
        <pin num="7" name="GPIO5" type="bidirectional"/>
        <pin num="8" name="GND_2" type="power_in"/>
        <pin num="9" name="GPIO6" type="bidirectional"/>
        <pin num="10" name="GPIO7" type="bidirectional"/>
        <pin num="11" name="GPIO8" type="bidirectional"/>
        <pin num="12" name="GPIO9" type="bidirectional"/>
        <pin num="13" name="GND_3" type="power_in"/>
        <pin num="14" name="GPIO10" type="bidirectional"/>
        <pin num="15" name="GPIO11" type="bidirectional"/>
        <pin num="16" name="GPIO12" type="bidirectional"/>
        <pin num="17" name="GPIO13" type="bidirectional"/>
        <pin num="18" name="GND_4" type="power_in"/>
        <pin num="19" name="GPIO14" type="bidirectional"/>
        <pin num="20" name="GPIO15" type="bidirectional"/>
        <pin num="21" name="GPIO16" type="bidirectional"/>
        <pin num="22" name="GPIO17" type="bidirectional"/>
        <pin num="23" name="GND_5" type="power_in"/>
        <pin num="24" name="GPIO18" type="bidirectional"/>
        <pin num="25" name="GPIO19" type="bidirectional"/>
        <pin num="26" name="GPIO20" type="bidirectional"/>
        <pin num="27" name="GPIO21" type="bidirectional"/>
        <pin num="28" name="GND_6" type="power_in"/>
        <pin num="29" name="GPIO22" type="bidirectional"/>
        <pin num="30" name="RUN" type="input"/>
        <pin num="31" name="GPIO26_ADC0" type="bidirectional"/>
        <pin num="32" name="GPIO27_ADC1" type="bidirectional"/>
        <pin num="33" name="AGND" type="power_in"/>
        <pin num="34" name="GPIO28_ADC2" type="bidirectional"/>
        <pin num="35" name="ADC_VREF" type="power_in"/>
        <pin num="36" name="3V3" type="power_out"/>
        <pin num="37" name="3V3_EN" type="input"/>
        <pin num="38" name="GND_7" type="power_in"/>
        <pin num="39" name="VSYS" type="power_in"/>
        <pin num="40" name="VBUS" type="power_out"/>
        <pin num="41" name="SWCLK" type="input"/>
        <pin num="42" name="GND_8" type="power_in"/>
        <pin num="43" name="SWDIO" type="bidirectional"/>
      </pins>
    </libpart>
    <libpart lib="rlf7030t-4r7m3r4" part="RLF7030T-4R7M3R4">
      <docs>https://pdf1.alldatasheet.com/datasheet-pdf/view/532782/TDK/RLF7030T-4R7M3R4.html</docs>
      <fields>
        <field name="Reference">L1</field>
        <field name="Value">4.7uH</field>
        <field name="Footprint">0.winners:INDP7368X320_Inductor</field>
        <field name="Datasheet">https://pdf1.alldatasheet.com/datasheet-pdf/view/532782/TDK/RLF7030T-4R7M3R4.html</field>
        <field name="Name">RLF7030T-4R7M3R4</field>
        <field name="Manufacturer">TDK</field>
      </fields>
      <pins>
        <pin num="1" name="" type="passive"/>
        <pin num="2" name="" type="passive"/>
      </pins>
    </libpart>
    <libpart lib="ss34" part="SS34">
      <description>Schottky rectifier diode</description>
      <docs>https://www.farnell.com/datasheets/2303855.pdf</docs>
      <fields>
        <field name="Reference">D1</field>
        <field name="Value">SS34</field>
        <field name="Footprint">0.winners:DIOM7959X265N_SS34</field>
        <field name="Datasheet">https://www.farnell.com/datasheets/2303855.pdf</field>
        <field name="PARTREV">31 Aug 2016</field>
        <field name="MANUFACTURER">On Semiconductor</field>
        <field name="MAXIMUM_PACKAGE_HEIGHT">2.65mm</field>
        <field name="STANDARD">IPC-7351B</field>
        <field name="SNAPEDA_PACKAGE_ID">36301</field>
      </fields>
      <pins>
        <pin num="A" name="" type="passive"/>
        <pin num="C" name="" type="passive"/>
      </pins>
    </libpart>
    <libpart lib="w5500-evb-pico" part="W5500-EVB-Pico">
      <fields>
        <field name="Reference">U1</field>
      </fields>
      <pins>
        <pin num="1" name="GPIO0" type="bidirectional"/>
        <pin num="2" name="GPIO1" type="bidirectional"/>
        <pin num="3" name="GND_1" type="power_in"/>
        <pin num="4" name="GPIO2" type="bidirectional"/>
        <pin num="5" name="GPIO3" type="bidirectional"/>
        <pin num="6" name="GPIO4" type="bidirectional"/>
        <pin num="7" name="GPIO5" type="bidirectional"/>
        <pin num="8" name="GND_2" type="power_in"/>
        <pin num="9" name="GPIO6" type="bidirectional"/>
        <pin num="10" name="GPIO7" type="bidirectional"/>
        <pin num="11" name="GPIO8" type="bidirectional"/>
        <pin num="12" name="GPIO9" type="bidirectional"/>
        <pin num="13" name="GND_3" type="power_in"/>
        <pin num="14" name="GPIO10" type="bidirectional"/>
        <pin num="15" name="GPIO11" type="bidirectional"/>
        <pin num="16" name="GPIO12" type="bidirectional"/>
        <pin num="17" name="GPIO13" type="bidirectional"/>
        <pin num="18" name="GND_4" type="power_in"/>
        <pin num="19" name="GPIO14" type="bidirectional"/>
        <pin num="20" name="GPIO15" type="bidirectional"/>
        <pin num="21" name="GPIO16(MISO)" type="bidirectional"/>
        <pin num="22" name="GPIO17(CSn)" type="bidirectional"/>
        <pin num="23" name="GND_5" type="power_in"/>
        <pin num="24" name="GPIO18(SCLK)" type="bidirectional"/>
        <pin num="25" name="GPIO19(MOSI)" type="bidirectional"/>
        <pin num="26" name="GPIO20(RSTn)" type="bidirectional"/>
        <pin num="27" name="GPIO21(INTn)" type="bidirectional"/>
        <pin num="28" name="GND_6" type="power_in"/>
        <pin num="29" name="GPIO22" type="bidirectional"/>
        <pin num="30" name="RUN" type="input"/>
        <pin num="31" name="GPIO26_ADC0" type="bidirectional"/>
        <pin num="32" name="GPIO27_ADC1" type="bidirectional"/>
        <pin num="33" name="AGND" type="power_in"/>
        <pin num="34" name="GPIO28_ADC2" type="bidirectional"/>
        <pin num="35" name="ADC_VREF" type="power_in"/>
        <pin num="36" name="3V3" type="power_out"/>
        <pin num="37" name="3V3_EN" type="input"/>
        <pin num="38" name="GND_7" type="power_in"/>
        <pin num="39" name="VSYS" type="power_in"/>
        <pin num="40" name="VBUS" type="power_out"/>
        <pin num="41" name="SWCLK" type="input"/>
        <pin num="42" name="GND_8" type="power_in"/>
        <pin num="43" name="SWDIO" type="bidirectional"/>
      </pins>
    </libpart>
  </libparts>
  <libraries>
    <library logical="Connector">
      <uri>/usr/share/kicad/symbols//Connector.kicad_sym</uri>
    </library>
    <library logical="Connector_Generic">
      <uri>/usr/share/kicad/symbols//Connector_Generic.kicad_sym</uri>
    </library>
    <library logical="Device">
      <uri>/usr/share/kicad/symbols//Device.kicad_sym</uri>
    </library>
    <library logical="Interface_UART">
      <uri>/usr/share/kicad/symbols//Interface_UART.kicad_sym</uri>
    </library>
    <library logical="Switch">
      <uri>/usr/share/kicad/symbols//Switch.kicad_sym</uri>
    </library>
    <library logical="dmg2305-FET">
      <uri>/home/hwan/2023-work/winners/작업물/v3/pcb_v3/symbols/DMG2305UX-7.kicad_sym</uri>
    </library>
    <library logical="mp1584en">
      <uri>/home/hwan/2023-work/winners/작업물/v3/pcb_v3/symbols/mp1584en.kicad_sym</uri>
    </library>
    <library logical="raspberrypi-pico-w">
      <uri>/home/hwan/2023-work/winners/작업물/v3/pcb_v3/symbols/RaspberryPi-Pico-W.kicad_sym</uri>
    </library>
    <library logical="rlf7030t-4r7m3r4">
      <uri>/home/hwan/2023-work/winners/작업물/v3/pcb_v3/symbols/rlf7030t-4r7m3r4.kicad_sym</uri>
    </library>
    <library logical="ss34">
      <uri>/home/hwan/2023-work/winners/작업물/v3/pcb_v3/symbols/ss34.kicad_sym</uri>
    </library>
    <library logical="w5500-evb-pico">
      <uri>/home/hwan/2023-work/winners/작업물/v3/pcb_v3/symbols/w5500-evb-pico.kicad_sym</uri>
    </library>
  </libraries>
  <nets>
    <net code="1" name="+3.3V">
      <node ref="Q2" pin="3" pintype="passive"/>
      <node ref="R9" pin="1" pintype="passive"/>
      <node ref="U3" pin="16" pinfunction="VCC" pintype="power_in"/>
      <node ref="U4" pin="36" pinfunction="3V3" pintype="power_out"/>
    </net>
    <net code="2" name="+5V">
      <node ref="C4" pin="1" pintype="passive"/>
      <node ref="L1" pin="2" pintype="passive"/>
      <node ref="Q1" pin="3" pintype="passive"/>
      <node ref="R5" pin="1" pintype="passive"/>
    </net>
    <net code="3" name="+24V">
      <node ref="C1" pin="1" pintype="passive"/>
      <node ref="J3" pin="1" pinfunction="Pin_1" pintype="passive"/>
      <node ref="R1" pin="1" pintype="passive"/>
      <node ref="U1" pin="7" pinfunction="VIN" pintype="input"/>
    </net>
    <net code="4" name="+24VP">
      <node ref="J1" pin="1" pintype="passive"/>
      <node ref="J3" pin="2" pinfunction="Pin_2" pintype="passive"/>
    </net>
    <net code="5" name="BTN">
      <node ref="C9" pin="1" pintype="passive"/>
      <node ref="R9" pin="2" pintype="passive"/>
      <node ref="SW1" pin="2" pinfunction="2" pintype="passive"/>
      <node ref="U4" pin="17" pinfunction="GPIO13" pintype="bidirectional"/>
    </net>
    <net code="6" name="GND">
      <node ref="C1" pin="2" pintype="passive"/>
      <node ref="C4" pin="2" pintype="passive"/>
      <node ref="C7" pin="2" pintype="passive"/>
      <node ref="C8" pin="2" pintype="passive"/>
      <node ref="C9" pin="2" pintype="passive"/>
      <node ref="D1" pin="A" pintype="passive"/>
      <node ref="J1" pin="2" pintype="passive"/>
      <node ref="J4" pin="0" pinfunction="PAD" pintype="passive"/>
      <node ref="J4" pin="1" pinfunction="1" pintype="passive"/>
      <node ref="J5" pin="2" pinfunction="Pin_2" pintype="passive"/>
      <node ref="J6" pin="2" pinfunction="Pin_2" pintype="passive"/>
      <node ref="R2" pin="2" pintype="passive"/>
      <node ref="R3" pin="2" pintype="passive"/>
      <node ref="R4" pin="2" pintype="passive"/>
      <node ref="R6" pin="2" pintype="passive"/>
      <node ref="SW1" pin="1" pinfunction="1" pintype="passive"/>
      <node ref="U1" pin="5" pinfunction="GND" pintype="power_in"/>
      <node ref="U2" pin="13" pinfunction="GND_3" pintype="power_in"/>
      <node ref="U2" pin="18" pinfunction="GND_4" pintype="power_in"/>
      <node ref="U2" pin="23" pinfunction="GND_5" pintype="power_in"/>
      <node ref="U2" pin="28" pinfunction="GND_6" pintype="power_in"/>
      <node ref="U2" pin="3" pinfunction="GND_1" pintype="power_in"/>
      <node ref="U2" pin="33" pinfunction="AGND" pintype="power_in"/>
      <node ref="U2" pin="38" pinfunction="GND_7" pintype="power_in"/>
      <node ref="U2" pin="42" pinfunction="GND_8" pintype="power_in"/>
      <node ref="U2" pin="8" pinfunction="GND_2" pintype="power_in"/>
      <node ref="U3" pin="15" pinfunction="GND" pintype="power_in"/>
      <node ref="U4" pin="13" pinfunction="GND_3" pintype="power_in"/>
      <node ref="U4" pin="18" pinfunction="GND_4" pintype="power_in"/>
      <node ref="U4" pin="23" pinfunction="GND_5" pintype="power_in"/>
      <node ref="U4" pin="28" pinfunction="GND_6" pintype="power_in"/>
      <node ref="U4" pin="3" pinfunction="GND_1" pintype="power_in"/>
      <node ref="U4" pin="33" pinfunction="AGND" pintype="power_in"/>
      <node ref="U4" pin="38" pinfunction="GND_7" pintype="power_in"/>
      <node ref="U4" pin="42" pinfunction="GND_8" pintype="power_in"/>
      <node ref="U4" pin="8" pinfunction="GND_2" pintype="power_in"/>
    </net>
    <net code="7" name="Net-(C3-Pad2)">
      <node ref="C3" pin="2" pintype="passive"/>
      <node ref="R4" pin="1" pintype="passive"/>
    </net>
    <net code="8" name="Net-(J5-Pin_1)">
      <node ref="J5" pin="1" pinfunction="Pin_1" pintype="passive"/>
      <node ref="R8" pin="2" pintype="passive"/>
    </net>
    <net code="9" name="Net-(J6-Pin_1)">
      <node ref="J6" pin="1" pinfunction="Pin_1" pintype="passive"/>
      <node ref="R7" pin="2" pintype="passive"/>
    </net>
    <net code="10" name="Net-(U1-BST)">
      <node ref="C2" pin="1" pintype="passive"/>
      <node ref="U1" pin="8" pinfunction="BST" pintype="passive"/>
    </net>
    <net code="11" name="Net-(U1-COMP)">
      <node ref="C3" pin="1" pintype="passive"/>
      <node ref="U1" pin="3" pinfunction="COMP" pintype="output"/>
    </net>
    <net code="12" name="Net-(U1-EN)">
      <node ref="R1" pin="2" pintype="passive"/>
      <node ref="R2" pin="1" pintype="passive"/>
      <node ref="U1" pin="2" pinfunction="EN" pintype="input"/>
    </net>
    <net code="13" name="Net-(U1-FB)">
      <node ref="R5" pin="2" pintype="passive"/>
      <node ref="R6" pin="1" pintype="passive"/>
      <node ref="U1" pin="4" pinfunction="FB" pintype="input"/>
    </net>
    <net code="14" name="Net-(U1-FREQ)">
      <node ref="R3" pin="1" pintype="passive"/>
      <node ref="U1" pin="6" pinfunction="FREQ" pintype="input"/>
    </net>
    <net code="15" name="Net-(U1-SW)">
      <node ref="C2" pin="2" pintype="passive"/>
      <node ref="D1" pin="C" pintype="passive"/>
      <node ref="L1" pin="1" pintype="passive"/>
      <node ref="U1" pin="1" pinfunction="SW" pintype="output"/>
    </net>
    <net code="16" name="Net-(U2-VBUS)">
      <node ref="Q2" pin="1" pintype="passive"/>
      <node ref="U2" pin="40" pinfunction="VBUS" pintype="power_out"/>
    </net>
    <net code="17" name="Net-(U2-VSYS)">
      <node ref="Q2" pin="2" pintype="power_out"/>
      <node ref="U2" pin="39" pinfunction="VSYS" pintype="power_in"/>
    </net>
    <net code="18" name="Net-(U3-C1+)">
      <node ref="C5" pin="1" pintype="passive"/>
      <node ref="U3" pin="1" pinfunction="C1+" pintype="passive"/>
    </net>
    <net code="19" name="Net-(U3-C1-)">
      <node ref="C5" pin="2" pintype="passive"/>
      <node ref="U3" pin="3" pinfunction="C1-" pintype="passive"/>
    </net>
    <net code="20" name="Net-(U3-C2+)">
      <node ref="C6" pin="1" pintype="passive"/>
      <node ref="U3" pin="4" pinfunction="C2+" pintype="passive"/>
    </net>
    <net code="21" name="Net-(U3-C2-)">
      <node ref="C6" pin="2" pintype="passive"/>
      <node ref="U3" pin="5" pinfunction="C2-" pintype="passive"/>
    </net>
    <net code="22" name="Net-(U3-VS+)">
      <node ref="C7" pin="1" pintype="passive"/>
      <node ref="U3" pin="2" pinfunction="VS+" pintype="power_out"/>
    </net>
    <net code="23" name="Net-(U3-VS-)">
      <node ref="C8" pin="1" pintype="passive"/>
      <node ref="U3" pin="6" pinfunction="VS-" pintype="power_out"/>
    </net>
    <net code="24" name="Net-(U4-GPIO14)">
      <node ref="R8" pin="1" pintype="passive"/>
      <node ref="U4" pin="19" pinfunction="GPIO14" pintype="bidirectional"/>
    </net>
    <net code="25" name="Net-(U4-GPIO15)">
      <node ref="R7" pin="1" pintype="passive"/>
      <node ref="U4" pin="20" pinfunction="GPIO15" pintype="bidirectional"/>
    </net>
    <net code="26" name="Net-(U4-VBUS)">
      <node ref="Q1" pin="1" pintype="passive"/>
      <node ref="U4" pin="40" pinfunction="VBUS" pintype="power_out"/>
    </net>
    <net code="27" name="Net-(U4-VSYS)">
      <node ref="Q1" pin="2" pintype="power_out"/>
      <node ref="U4" pin="39" pinfunction="VSYS" pintype="power_in"/>
    </net>
    <net code="28" name="P6">
      <node ref="U2" pin="9" pinfunction="GPIO6" pintype="bidirectional"/>
      <node ref="U4" pin="9" pinfunction="GPIO6" pintype="bidirectional"/>
    </net>
    <net code="29" name="P7">
      <node ref="U2" pin="10" pinfunction="GPIO7" pintype="bidirectional"/>
      <node ref="U4" pin="10" pinfunction="GPIO7" pintype="bidirectional"/>
    </net>
    <net code="30" name="RS232_RX">
      <node ref="J4" pin="4" pinfunction="4" pintype="passive"/>
      <node ref="U3" pin="13" pinfunction="R1IN" pintype="input"/>
    </net>
    <net code="31" name="RS232_TX">
      <node ref="J4" pin="3" pinfunction="3" pintype="passive"/>
      <node ref="U3" pin="14" pinfunction="T1OUT" pintype="output"/>
    </net>
    <net code="32" name="UART0_RX">
      <node ref="U3" pin="12" pinfunction="R1OUT" pintype="output"/>
      <node ref="U4" pin="2" pinfunction="GPIO1" pintype="bidirectional"/>
    </net>
    <net code="33" name="UART0_TX">
      <node ref="U3" pin="11" pinfunction="T1IN" pintype="input"/>
      <node ref="U4" pin="1" pinfunction="GPIO0" pintype="bidirectional"/>
    </net>
    <net code="34" name="UART1_RX">
      <node ref="U2" pin="6" pinfunction="GPIO4" pintype="bidirectional"/>
      <node ref="U4" pin="7" pinfunction="GPIO5" pintype="bidirectional"/>
    </net>
    <net code="35" name="UART1_TX">
      <node ref="U2" pin="7" pinfunction="GPIO5" pintype="bidirectional"/>
      <node ref="U4" pin="6" pinfunction="GPIO4" pintype="bidirectional"/>
    </net>
    <net code="36" name="unconnected-(J1-MountPin-PadMP)">
      <node ref="J1" pin="MP" pinfunction="MountPin" pintype="passive+no_connect"/>
    </net>
    <net code="37" name="unconnected-(J4-Pad2)">
      <node ref="J4" pin="2" pinfunction="2" pintype="passive+no_connect"/>
    </net>
    <net code="38" name="unconnected-(J4-Pad5)">
      <node ref="J4" pin="5" pinfunction="5" pintype="passive+no_connect"/>
    </net>
    <net code="39" name="unconnected-(J4-Pad6)">
      <node ref="J4" pin="6" pinfunction="6" pintype="passive+no_connect"/>
    </net>
    <net code="40" name="unconnected-(J4-Pad7)">
      <node ref="J4" pin="7" pinfunction="7" pintype="passive+no_connect"/>
    </net>
    <net code="41" name="unconnected-(J4-Pad8)">
      <node ref="J4" pin="8" pinfunction="8" pintype="passive+no_connect"/>
    </net>
    <net code="42" name="unconnected-(J4-Pad9)">
      <node ref="J4" pin="9" pinfunction="9" pintype="passive+no_connect"/>
    </net>
    <net code="43" name="unconnected-(U2-3V3-Pad36)">
      <node ref="U2" pin="36" pinfunction="3V3" pintype="power_out+no_connect"/>
    </net>
    <net code="44" name="unconnected-(U2-3V3_EN-Pad37)">
      <node ref="U2" pin="37" pinfunction="3V3_EN" pintype="input+no_connect"/>
    </net>
    <net code="45" name="unconnected-(U2-ADC_VREF-Pad35)">
      <node ref="U2" pin="35" pinfunction="ADC_VREF" pintype="power_in+no_connect"/>
    </net>
    <net code="46" name="unconnected-(U2-GPIO0-Pad1)">
      <node ref="U2" pin="1" pinfunction="GPIO0" pintype="bidirectional+no_connect"/>
    </net>
    <net code="47" name="unconnected-(U2-GPIO1-Pad2)">
      <node ref="U2" pin="2" pinfunction="GPIO1" pintype="bidirectional+no_connect"/>
    </net>
    <net code="48" name="unconnected-(U2-GPIO2-Pad4)">
      <node ref="U2" pin="4" pinfunction="GPIO2" pintype="bidirectional+no_connect"/>
    </net>
    <net code="49" name="unconnected-(U2-GPIO3-Pad5)">
      <node ref="U2" pin="5" pinfunction="GPIO3" pintype="bidirectional+no_connect"/>
    </net>
    <net code="50" name="unconnected-(U2-GPIO8-Pad11)">
      <node ref="U2" pin="11" pinfunction="GPIO8" pintype="bidirectional+no_connect"/>
    </net>
    <net code="51" name="unconnected-(U2-GPIO9-Pad12)">
      <node ref="U2" pin="12" pinfunction="GPIO9" pintype="bidirectional+no_connect"/>
    </net>
    <net code="52" name="unconnected-(U2-GPIO10-Pad14)">
      <node ref="U2" pin="14" pinfunction="GPIO10" pintype="bidirectional+no_connect"/>
    </net>
    <net code="53" name="unconnected-(U2-GPIO11-Pad15)">
      <node ref="U2" pin="15" pinfunction="GPIO11" pintype="bidirectional+no_connect"/>
    </net>
    <net code="54" name="unconnected-(U2-GPIO12-Pad16)">
      <node ref="U2" pin="16" pinfunction="GPIO12" pintype="bidirectional+no_connect"/>
    </net>
    <net code="55" name="unconnected-(U2-GPIO13-Pad17)">
      <node ref="U2" pin="17" pinfunction="GPIO13" pintype="bidirectional+no_connect"/>
    </net>
    <net code="56" name="unconnected-(U2-GPIO14-Pad19)">
      <node ref="U2" pin="19" pinfunction="GPIO14" pintype="bidirectional+no_connect"/>
    </net>
    <net code="57" name="unconnected-(U2-GPIO15-Pad20)">
      <node ref="U2" pin="20" pinfunction="GPIO15" pintype="bidirectional+no_connect"/>
    </net>
    <net code="58" name="unconnected-(U2-GPIO16-Pad21)">
      <node ref="U2" pin="21" pinfunction="GPIO16" pintype="bidirectional+no_connect"/>
    </net>
    <net code="59" name="unconnected-(U2-GPIO17-Pad22)">
      <node ref="U2" pin="22" pinfunction="GPIO17" pintype="bidirectional+no_connect"/>
    </net>
    <net code="60" name="unconnected-(U2-GPIO18-Pad24)">
      <node ref="U2" pin="24" pinfunction="GPIO18" pintype="bidirectional+no_connect"/>
    </net>
    <net code="61" name="unconnected-(U2-GPIO19-Pad25)">
      <node ref="U2" pin="25" pinfunction="GPIO19" pintype="bidirectional+no_connect"/>
    </net>
    <net code="62" name="unconnected-(U2-GPIO20-Pad26)">
      <node ref="U2" pin="26" pinfunction="GPIO20" pintype="bidirectional+no_connect"/>
    </net>
    <net code="63" name="unconnected-(U2-GPIO21-Pad27)">
      <node ref="U2" pin="27" pinfunction="GPIO21" pintype="bidirectional+no_connect"/>
    </net>
    <net code="64" name="unconnected-(U2-GPIO22-Pad29)">
      <node ref="U2" pin="29" pinfunction="GPIO22" pintype="bidirectional+no_connect"/>
    </net>
    <net code="65" name="unconnected-(U2-GPIO26_ADC0-Pad31)">
      <node ref="U2" pin="31" pinfunction="GPIO26_ADC0" pintype="bidirectional+no_connect"/>
    </net>
    <net code="66" name="unconnected-(U2-GPIO27_ADC1-Pad32)">
      <node ref="U2" pin="32" pinfunction="GPIO27_ADC1" pintype="bidirectional+no_connect"/>
    </net>
    <net code="67" name="unconnected-(U2-GPIO28_ADC2-Pad34)">
      <node ref="U2" pin="34" pinfunction="GPIO28_ADC2" pintype="bidirectional+no_connect"/>
    </net>
    <net code="68" name="unconnected-(U2-RUN-Pad30)">
      <node ref="U2" pin="30" pinfunction="RUN" pintype="input+no_connect"/>
    </net>
    <net code="69" name="unconnected-(U2-SWCLK-Pad41)">
      <node ref="U2" pin="41" pinfunction="SWCLK" pintype="input+no_connect"/>
    </net>
    <net code="70" name="unconnected-(U2-SWDIO-Pad43)">
      <node ref="U2" pin="43" pinfunction="SWDIO" pintype="bidirectional+no_connect"/>
    </net>
    <net code="71" name="unconnected-(U3-R2IN-Pad8)">
      <node ref="U3" pin="8" pinfunction="R2IN" pintype="input+no_connect"/>
    </net>
    <net code="72" name="unconnected-(U3-R2OUT-Pad9)">
      <node ref="U3" pin="9" pinfunction="R2OUT" pintype="output+no_connect"/>
    </net>
    <net code="73" name="unconnected-(U3-T2IN-Pad10)">
      <node ref="U3" pin="10" pinfunction="T2IN" pintype="input+no_connect"/>
    </net>
    <net code="74" name="unconnected-(U3-T2OUT-Pad7)">
      <node ref="U3" pin="7" pinfunction="T2OUT" pintype="output+no_connect"/>
    </net>
    <net code="75" name="unconnected-(U4-3V3_EN-Pad37)">
      <node ref="U4" pin="37" pinfunction="3V3_EN" pintype="input+no_connect"/>
    </net>
    <net code="76" name="unconnected-(U4-ADC_VREF-Pad35)">
      <node ref="U4" pin="35" pinfunction="ADC_VREF" pintype="power_in+no_connect"/>
    </net>
    <net code="77" name="unconnected-(U4-GPIO2-Pad4)">
      <node ref="U4" pin="4" pinfunction="GPIO2" pintype="bidirectional+no_connect"/>
    </net>
    <net code="78" name="unconnected-(U4-GPIO3-Pad5)">
      <node ref="U4" pin="5" pinfunction="GPIO3" pintype="bidirectional+no_connect"/>
    </net>
    <net code="79" name="unconnected-(U4-GPIO8-Pad11)">
      <node ref="U4" pin="11" pinfunction="GPIO8" pintype="bidirectional+no_connect"/>
    </net>
    <net code="80" name="unconnected-(U4-GPIO9-Pad12)">
      <node ref="U4" pin="12" pinfunction="GPIO9" pintype="bidirectional+no_connect"/>
    </net>
    <net code="81" name="unconnected-(U4-GPIO10-Pad14)">
      <node ref="U4" pin="14" pinfunction="GPIO10" pintype="bidirectional+no_connect"/>
    </net>
    <net code="82" name="unconnected-(U4-GPIO11-Pad15)">
      <node ref="U4" pin="15" pinfunction="GPIO11" pintype="bidirectional+no_connect"/>
    </net>
    <net code="83" name="unconnected-(U4-GPIO12-Pad16)">
      <node ref="U4" pin="16" pinfunction="GPIO12" pintype="bidirectional+no_connect"/>
    </net>
    <net code="84" name="unconnected-(U4-GPIO16(MISO)-Pad21)">
      <node ref="U4" pin="21" pinfunction="GPIO16(MISO)" pintype="bidirectional+no_connect"/>
    </net>
    <net code="85" name="unconnected-(U4-GPIO17(CSn)-Pad22)">
      <node ref="U4" pin="22" pinfunction="GPIO17(CSn)" pintype="bidirectional+no_connect"/>
    </net>
    <net code="86" name="unconnected-(U4-GPIO18(SCLK)-Pad24)">
      <node ref="U4" pin="24" pinfunction="GPIO18(SCLK)" pintype="bidirectional+no_connect"/>
    </net>
    <net code="87" name="unconnected-(U4-GPIO19(MOSI)-Pad25)">
      <node ref="U4" pin="25" pinfunction="GPIO19(MOSI)" pintype="bidirectional+no_connect"/>
    </net>
    <net code="88" name="unconnected-(U4-GPIO20(RSTn)-Pad26)">
      <node ref="U4" pin="26" pinfunction="GPIO20(RSTn)" pintype="bidirectional+no_connect"/>
    </net>
    <net code="89" name="unconnected-(U4-GPIO21(INTn)-Pad27)">
      <node ref="U4" pin="27" pinfunction="GPIO21(INTn)" pintype="bidirectional+no_connect"/>
    </net>
    <net code="90" name="unconnected-(U4-GPIO22-Pad29)">
      <node ref="U4" pin="29" pinfunction="GPIO22" pintype="bidirectional+no_connect"/>
    </net>
    <net code="91" name="unconnected-(U4-GPIO26_ADC0-Pad31)">
      <node ref="U4" pin="31" pinfunction="GPIO26_ADC0" pintype="bidirectional+no_connect"/>
    </net>
    <net code="92" name="unconnected-(U4-GPIO27_ADC1-Pad32)">
      <node ref="U4" pin="32" pinfunction="GPIO27_ADC1" pintype="bidirectional+no_connect"/>
    </net>
    <net code="93" name="unconnected-(U4-GPIO28_ADC2-Pad34)">
      <node ref="U4" pin="34" pinfunction="GPIO28_ADC2" pintype="bidirectional+no_connect"/>
    </net>
    <net code="94" name="unconnected-(U4-RUN-Pad30)">
      <node ref="U4" pin="30" pinfunction="RUN" pintype="input+no_connect"/>
    </net>
    <net code="95" name="unconnected-(U4-SWCLK-Pad41)">
      <node ref="U4" pin="41" pinfunction="SWCLK" pintype="input+no_connect"/>
    </net>
    <net code="96" name="unconnected-(U4-SWDIO-Pad43)">
      <node ref="U4" pin="43" pinfunction="SWDIO" pintype="bidirectional+no_connect"/>
    </net>
  </nets>
</export>
